,Gene,Intercept,Slope,r2
0,IL1R1_HUMAN,3.064731483665659,0.3998723275372158,0.8504901433216967
