,Variant,vol_EC,surf_cell,vol_cell,k_IL_R1_f,k_IL_R1_b,k_A_R1_f,k_A_R1_b
0,WT,1E-10,1.4E-08,3E-12,114591.068641552,0.005539899482119,621135.904302928,7.15915455932658E-05
1,39:113,1E-10,1.4E-08,3E-12,114591.068641552,0.005539899482119,96744.2376089389,1.58134458463954E-06
2,54:98,1E-10,1.4E-08,3E-12,114591.068641552,0.005539899482119,84657.0578418093,1.58616275669991E-06
3,74:79,1E-10,1.4E-08,3E-12,114591.068641552,0.005539899482119,3533705.51234612,0.00038407063997
4,87:66,1E-10,1.4E-08,3E-12,114591.068641552,0.005539899482119,94854.855756463,5.11624534568497E-05
5,93:60,1E-10,1.4E-08,3E-12,114591.068641552,0.005539899482119,631914.029193352,1.99223492590608E-06
